Wavenumber,5
2199.4,0.0397939
2200.36,0.0399117
2201.33,0.0399105
2202.29,0.0397596
2203.26,0.0395692
2204.22,0.0394072
2205.19,0.0390746
2206.15,0.0384547
2207.11,0.0379304
2208.08,0.038032
2209.04,0.0388847
2210.01,0.0399534
2210.97,0.0404634
2211.94,0.0403681
2212.9,0.0402323
2213.86,0.0401473
2214.83,0.0397599
2215.79,0.0390675
2216.76,0.038366
2217.72,0.0378298
2218.68,0.0375603
2219.65,0.0377122
2220.61,0.0382872
2221.58,0.0389039
2222.54,0.0391088
2223.51,0.0389652
2224.47,0.038973
2225.43,0.0393059
2226.4,0.0394894
2227.36,0.0390796
2228.33,0.038421
2229.29,0.0383019
2230.26,0.0389203
2231.22,0.0396527
2232.18,0.0399416
2233.15,0.0398805
2234.11,0.0397239
2235.08,0.0394743
2236.04,0.0391361
2237.01,0.0388893
2237.97,0.0388576
2238.93,0.0388696
2239.9,0.0387033
2240.86,0.0385156
2241.83,0.0385981
2242.79,0.0388369
2243.75,0.0388894
2244.72,0.0387178
2245.68,0.0386101
2246.65,0.0387717
2247.61,0.039113
2248.58,0.039437
2249.54,0.0396424
2250.5,0.0397489
2251.47,0.0398132
2252.43,0.0398334
2253.4,0.0398104
2254.36,0.0397779
2255.33,0.0397291
2256.29,0.039691
2257.25,0.0396982
2258.22,0.0396629
2259.18,0.0395824
2260.15,0.0396495
2261.11,0.0398901
2262.08,0.0400537
2263.04,0.0400066
2264,0.0398815
2264.97,0.039794
2265.93,0.0397159
2266.9,0.0396763
2267.86,0.0397813
2268.82,0.0399074
2269.79,0.0397957
2270.75,0.039555
2271.72,0.0395181
2272.68,0.0397167
2273.65,0.039944
2274.61,0.040065
2275.57,0.0400731
2276.54,0.0400189
2277.5,0.0399379
2278.47,0.0398494
2279.43,0.0397848
2280.4,0.0397791
2281.36,0.0398703
2282.32,0.0400228
2283.29,0.0401081
2284.25,0.0401177
2285.22,0.0401988
2286.18,0.0403797
2287.14,0.0405375
2288.11,0.0406254
2289.07,0.040694
2290.04,0.0407406
2291,0.0407415
2291.97,0.0407705
2292.93,0.0409261
2293.89,0.0411821
2294.86,0.0413612
2295.82,0.0413315
2296.79,0.0412877
2297.75,0.0415563
2298.72,0.0420437
2299.68,0.04232
2300.64,0.0422498
2301.61,0.0421065
2302.57,0.0421228
2303.54,0.0423034
2304.5,0.0425984
2305.47,0.0429657
2306.43,0.0433547
2307.39,0.0437531
2308.36,0.0441541
2309.32,0.0444909
2310.29,0.0446639
2311.25,0.0446345
2312.21,0.0445414
2313.18,0.0446295
2314.14,0.0450002
2315.11,0.0455374
2316.07,0.0460372
2317.04,0.0463928
2318,0.0466715
2318.96,0.0469931
2319.93,0.0474076
2320.89,0.0478553
2321.86,0.0482368
2322.82,0.0485366
2323.79,0.0487491
2324.75,0.0489074
2325.71,0.0491734
2326.68,0.0495639
2327.64,0.0499031
2328.61,0.0501466
2329.57,0.050336
2330.54,0.050446
2331.5,0.0505351
2332.46,0.0507
2333.43,0.0509722
2334.39,0.0513181
2335.36,0.0515738
2336.32,0.051594
2337.28,0.051637
2338.25,0.0520741
2339.21,0.0527426
2340.18,0.0531723
2341.14,0.0531693
2342.11,0.0528846
2343.07,0.0524712
2344.03,0.0518693
2345,0.0510193
2345.96,0.0501466
2346.93,0.0495779
2347.89,0.0495013
2348.86,0.0499748
2349.82,0.0509899
2350.78,0.0524357
2351.75,0.0540376
2352.71,0.0554634
2353.68,0.0565527
2354.64,0.0574774
2355.61,0.0583876
2356.57,0.058916
2357.53,0.0588263
2358.5,0.0587942
2359.46,0.0593692
2360.43,0.059906
2361.39,0.0596279
2362.35,0.0587619
2363.32,0.0578311
2364.28,0.0569176
2365.25,0.0559161
2366.21,0.0549951
2367.18,0.0544305
2368.14,0.0542404
2369.1,0.0541213
2370.07,0.0537464
2371.03,0.0531475
2372,0.052542
2372.96,0.0519416
2373.93,0.0513121
2374.89,0.0507617
2375.85,0.0503353
2376.82,0.0499605
2377.78,0.0496332
2378.75,0.0493213
2379.71,0.04902
2380.67,0.0487897
2381.64,0.0486496
2382.6,0.0485533
2383.57,0.0484641
2384.53,0.0483846
2385.5,0.0483535
2386.46,0.0483919
2387.42,0.0484523
2388.39,0.0484766
2389.35,0.048466
2390.32,0.048486
2391.28,0.0486123
2392.25,0.0488097
2393.21,0.0489706
2394.17,0.049122
2395.14,0.0493626
2396.1,0.0496229
2397.07,0.0497516
2398.03,0.0497669
2399,0.0497946
2399.96,0.0498607
2400.92,0.0499295
2401.89,0.0500345
2402.85,0.0502251
2403.82,0.0504444
2404.78,0.0505933
2405.74,0.0506956
2406.71,0.0508497
2407.67,0.051034
2408.64,0.0511484
2409.6,0.0512187
2410.57,0.051367
2411.53,0.0516136
2412.49,0.0518594
2413.46,0.0520187
2414.42,0.0520923
2415.39,0.0521631
2416.35,0.0523093
2417.32,0.0525091
2418.28,0.0526822
2419.24,0.0527845
2420.21,0.0528655
2421.17,0.0530345
2422.14,0.0532827
2423.1,0.0534727
2424.07,0.0536005
2425.03,0.0538069
2425.99,0.0540936
2426.96,0.0543093
2427.92,0.0543914
2428.89,0.054415
2429.85,0.0544606
2430.81,0.0545571
2431.78,0.054698
2432.74,0.0548489
2433.71,0.0549824
2434.67,0.0551431
2435.64,0.0553974
2436.6,0.055706
2437.56,0.0559805
2438.53,0.0562206
2439.49,0.0564644
2440.46,0.0566938
2441.42,0.0568764
2442.39,0.0570188
2443.35,0.0571305
2444.31,0.0572152
2445.28,0.0573385
2446.24,0.0575711
2447.21,0.0578476
2448.17,0.0580449
2449.13,0.0581536
2450.1,0.0582414
2451.06,0.0583541
2452.03,0.0585175
2452.99,0.0587493
2453.96,0.0590524
2454.92,0.0593919
2455.88,0.0596939
2456.85,0.0599094
2457.81,0.0600187
2458.78,0.0600529
2459.74,0.0601774
2460.71,0.0605182
2461.67,0.0609514
2462.63,0.0613074
2463.6,0.0615653
2464.56,0.0617257
2465.53,0.0617733
2466.49,0.0617777
2467.46,0.0618471
2468.42,0.0620207
2469.38,0.0622798
2470.35,0.0626053
2471.31,0.0629644
2472.28,0.063303
2473.24,0.0635951
2474.2,0.0638271
2475.17,0.0639917
2476.13,0.0641393
2477.1,0.0643246
2478.06,0.064536
2479.03,0.0647783
2479.99,0.0650879
2480.95,0.0653848
2481.92,0.0655429
2482.88,0.0656484
2483.85,0.0659055
2484.81,0.0662851
2485.78,0.0665569
2486.74,0.0666526
2487.7,0.0667128
2488.67,0.0668288
2489.63,0.0669826
2490.6,0.0671458
2491.56,0.0673186
2492.53,0.0675426
2493.49,0.0678319
2494.45,0.0680933
2495.42,0.0682194
2496.38,0.0682245
2497.35,0.0682367
2498.31,0.0683706
2499.27,0.0686284
2500.24,0.0689451
2501.2,0.0692511
2502.17,0.0694633
2503.13,0.0695591
2504.1,0.06965
2505.06,0.0698433
2506.02,0.0701147
2506.99,0.0703932
2507.95,0.0706202
2508.92,0.070727
2509.88,0.0707175
2510.85,0.0707171
2511.81,0.0708292
2512.77,0.0710272
2513.74,0.0711942
2514.7,0.0712472
2515.67,0.0712837
2516.63,0.0714638
2517.6,0.0717393
2518.56,0.071942
2519.52,0.0720556
2520.49,0.0721904
2521.45,0.0723966
2522.42,0.0726392
2523.38,0.0728827
2524.34,0.0730942
2525.31,0.0732365
2526.27,0.073311
2527.24,0.0733512
2528.2,0.0734013
2529.17,0.0735033
2530.13,0.0736561
2531.09,0.0737976
2532.06,0.0738647
2533.02,0.073905
2533.99,0.0740191
2534.95,0.0742101
2535.92,0.0744578
2536.88,0.074751
2537.84,0.0749804
2538.81,0.0750678
2539.77,0.0750914
2540.74,0.0751299
2541.7,0.0751919
2542.66,0.0752873
2543.63,0.0754075
2544.59,0.0755181
2545.56,0.0756147
2546.52,0.075723
2547.49,0.0758626
2548.45,0.076012
2549.41,0.0761212
2550.38,0.0762047
2551.34,0.0763399
2552.31,0.0765494
2553.27,0.0767822
2554.24,0.0769698
2555.2,0.0770819
2556.16,0.0771746
2557.13,0.0772951
2558.09,0.0773741
2559.06,0.0773387
2560.02,0.0772337
2560.99,0.0771586
2561.95,0.077161
2562.91,0.0772124
2563.88,0.0772795
2564.84,0.0773711
2565.81,0.0774699
2566.77,0.0774899
2567.73,0.0773953
2568.7,0.0773028
2569.66,0.07734
2570.63,0.077451
2571.59,0.0774904
2572.56,0.0774433
2573.52,0.0773997
2574.48,0.0773942
2575.45,0.0774084
2576.41,0.0774527
2577.38,0.0775365
2578.34,0.0776083
2579.31,0.0776115
2580.27,0.0775627
2581.23,0.0775183
2582.2,0.077514
2583.16,0.0775494
2584.13,0.0775733
2585.09,0.0775442
2586.06,0.0775044
2587.02,0.0774981
2587.98,0.0774807
2588.95,0.0773884
2589.91,0.0772455
2590.88,0.0771176
2591.84,0.0770006
2592.8,0.0768821
2593.77,0.0767926
2594.73,0.0767126
2595.7,0.0766047
2596.66,0.0765051
2597.63,0.0764581
2598.59,0.0764458
2599.55,0.0764344
2600.52,0.0764347
2601.48,0.0764564
2602.45,0.0764367
2603.41,0.0763185
2604.38,0.0761366
2605.34,0.0759555
2606.3,0.075818
2607.27,0.0757518
2608.23,0.0757458
2609.2,0.075734
2610.16,0.0756389
2611.12,0.0754499
2612.09,0.0752586
2613.05,0.0751625
2614.02,0.0751422
2614.98,0.0751233
2615.95,0.0750866
2616.91,0.0750191
2617.87,0.0749077
2618.84,0.074812
2619.8,0.0747794
2620.77,0.0747432
2621.73,0.0746065
2622.7,0.0743758
2623.66,0.074172
2624.62,0.074092
2625.59,0.0740968
2626.55,0.0740946
2627.52,0.0740415
2628.48,0.0739481
2629.45,0.0738732
2630.41,0.0738334
2631.37,0.0737527
2632.34,0.0736231
2633.3,0.0735448
2634.27,0.0735313
2635.23,0.0734876
2636.19,0.07339
2637.16,0.0733136
2638.12,0.0732967
2639.09,0.0733029
2640.05,0.073299
2641.02,0.073277
2641.98,0.0732373
2642.94,0.0731964
2643.91,0.0731567
2644.87,0.0730921
2645.84,0.0730181
2646.8,0.0729929
2647.77,0.0730164
2648.73,0.0730267
2649.69,0.0729925
2650.66,0.07293
2651.62,0.0728652
2652.59,0.0728116
2653.55,0.0727725
2654.52,0.072752
2655.48,0.0727428
2656.44,0.0727229
2657.41,0.0726913
2658.37,0.0726631
2659.34,0.0726407
2660.3,0.0726199
2661.26,0.0725985
2662.23,0.0725713
2663.19,0.0725311
2664.16,0.0724687
2665.12,0.0723889
2666.09,0.0723192
2667.05,0.072281
2668.01,0.0722648
2668.98,0.0722411
2669.94,0.0721805
2670.91,0.0720638
2671.87,0.0719028
2672.84,0.0717681
2673.8,0.0717222
2674.76,0.0717029
2675.73,0.0716106
2676.69,0.0714937
2677.66,0.0714527
2678.62,0.0714364
2679.59,0.0713477
2680.55,0.0712421
2681.51,0.0712254
2682.48,0.0712623
2683.44,0.0712535
2684.41,0.071201
2685.37,0.071151
2686.33,0.0710836
2687.3,0.0709816
2688.26,0.070892
2689.23,0.0708316
2690.19,0.0707468
2691.16,0.0706121
2692.12,0.0704747
2693.08,0.0703921
2694.05,0.0703655
2695.01,0.0703361
2695.98,0.0702518
2696.94,0.0701112
2697.91,0.0699472
2698.87,0.0698207
2699.83,0.0697757
2700.8,0.0697714
2701.76,0.0697308
2702.73,0.0696386
2703.69,0.0695342
2704.65,0.06944
2705.62,0.069337
2706.58,0.0692182
2707.55,0.0691214
2708.51,0.0690799
2709.48,0.0690824
2710.44,0.0690823
2711.4,0.0690309
2712.37,0.0689146
2713.33,0.0687725
2714.3,0.0686666
2715.26,0.068617
2716.23,0.0685865
2717.19,0.068548
2718.15,0.0685124
2719.12,0.0684759
2720.08,0.0684048
2721.05,0.0683129
2722.01,0.0682758
2722.98,0.0682971
2723.94,0.0682869
2724.9,0.0682453
2725.87,0.0682755
2726.83,0.0683931
2727.8,0.0685091
2728.76,0.0685709
2729.72,0.0685953
2730.69,0.0686183
2731.65,0.068663
2732.62,0.0687055
2733.58,0.0686945
2734.55,0.0686446
2735.51,0.0686416
2736.47,0.0687338
2737.44,0.0688736
2738.4,0.068975
2739.37,0.0690266
2740.33,0.0691003
2741.3,0.0692279
2742.26,0.0693628
2743.22,0.0694625
2744.19,0.0695275
2745.15,0.0695743
2746.12,0.0696311
2747.08,0.0697382
2748.05,0.0699037
2749.01,0.0701119
2749.97,0.0703664
2750.94,0.070639
2751.9,0.0708623
2752.87,0.0710037
2753.83,0.071065
2754.79,0.0711019
2755.76,0.0712311
2756.72,0.0714755
2757.69,0.0717256
2758.65,0.071921
2759.62,0.0720898
2760.58,0.0722467
2761.54,0.072395
2762.51,0.0725481
2763.47,0.0727087
2764.44,0.0728793
2765.4,0.0730641
2766.37,0.0732544
2767.33,0.0734434
2768.29,0.0736457
2769.26,0.0738653
2770.22,0.0740545
2771.19,0.0741683
2772.15,0.074246
2773.12,0.07437
2774.08,0.074581
2775.04,0.0748763
2776.01,0.075222
2776.97,0.0755528
2777.94,0.0758207
2778.9,0.0760349
2779.86,0.0762294
2780.83,0.0764193
2781.79,0.0765978
2782.76,0.0767625
2783.72,0.0769334
2784.69,0.0771279
2785.65,0.077325
2786.61,0.0775002
2787.58,0.0776929
2788.54,0.077967
2789.51,0.0783002
2790.47,0.0786185
2791.44,0.0789226
2792.4,0.0792269
2793.36,0.0794631
2794.33,0.0796114
2795.29,0.0797759
2796.26,0.080009
2797.22,0.0802626
2798.18,0.0805408
2799.15,0.0808724
2800.11,0.0812011
2801.08,0.0814696
2802.04,0.0817009
2803.01,0.0819466
2803.97,0.0822167
2804.93,0.0824659
2805.9,0.0826662
2806.86,0.0828411
2807.83,0.0830214
2808.79,0.0832616
2809.76,0.0836099
2810.72,0.0839952
2811.68,0.0842998
2812.65,0.0845183
2813.61,0.0847204
2814.58,0.0849575
2815.54,0.0852369
2816.51,0.085515
2817.47,0.085753
2818.43,0.0859611
2819.4,0.0861642
2820.36,0.0863706
2821.33,0.086553
2822.29,0.0866983
2823.25,0.0868788
2824.22,0.087141
2825.18,0.0874061
2826.15,0.087602
2827.11,0.0877319
2828.08,0.0877999
2829.04,0.0878386
2830,0.0879218
2830.97,0.0880522
2831.93,0.0881553
2832.9,0.0882009
2833.86,0.0882433
2834.83,0.0883366
2835.79,0.0884681
2836.75,0.0886091
2837.72,0.0887673
2838.68,0.0889652
2839.65,0.089243
2840.61,0.0896592
2841.58,0.0902216
2842.54,0.0908313
2843.5,0.0913007
2844.47,0.0914703
2845.43,0.0913478
2846.4,0.0911097
2847.36,0.0909718
2848.32,0.0910334
2849.29,0.0912388
2850.25,0.0915028
2851.22,0.0917814
2852.18,0.0920498
2853.15,0.0923148
2854.11,0.0925889
2855.07,0.0928612
2856.04,0.0931415
2857,0.0934341
2857.97,0.0937028
2858.93,0.0939701
2859.9,0.0943163
2860.86,0.0947159
2861.82,0.0950516
2862.79,0.0952962
2863.75,0.0955145
2864.72,0.0957356
2865.68,0.0959662
2866.64,0.0962277
2867.61,0.0964902
2868.57,0.0966995
2869.54,0.0968719
2870.5,0.0970453
2871.47,0.0972023
2872.43,0.097336
2873.39,0.0975223
2874.36,0.0978215
2875.32,0.0981666
2876.29,0.0984474
2877.25,0.0986318
2878.22,0.0987683
2879.18,0.0989421
2880.14,0.0991828
2881.11,0.0994185
2882.07,0.0995959
2883.04,0.0997428
2884,0.0998962
2884.97,0.100079
2885.93,0.100295
2886.89,0.100513
2887.86,0.100716
2888.82,0.100898
2889.79,0.101057
2890.75,0.101258
2891.71,0.101563
2892.68,0.101868
2893.64,0.102051
2894.61,0.10216
2895.57,0.102308
2896.54,0.102522
2897.5,0.102789
2898.46,0.103085
2899.43,0.103363
2900.39,0.103631
2901.36,0.103922
2902.32,0.104176
2903.29,0.104334
2904.25,0.104481
2905.21,0.104718
2906.18,0.105031
2907.14,0.105366
2908.11,0.105677
2909.07,0.105917
2910.04,0.106101
2911,0.1063
2911.96,0.106555
2912.93,0.106859
2913.89,0.107186
2914.86,0.107487
2915.82,0.107767
2916.78,0.108129
2917.75,0.108634
2918.71,0.109154
2919.68,0.109511
2920.64,0.109717
2921.61,0.109908
2922.57,0.110145
2923.53,0.110371
2924.5,0.110486
2925.46,0.110477
2926.43,0.110458
2927.39,0.110535
2928.36,0.110661
2929.32,0.110745
2930.28,0.110837
2931.25,0.111059
2932.21,0.111413
2933.18,0.111774
2934.14,0.112064
2935.11,0.112302
2936.07,0.112504
2937.03,0.112646
2938,0.112742
2938.96,0.112822
2939.93,0.112878
2940.89,0.112901
2941.85,0.112893
2942.82,0.112873
2943.78,0.112883
2944.75,0.112941
2945.71,0.113013
2946.68,0.11308
2947.64,0.113191
2948.6,0.113357
2949.57,0.113467
2950.53,0.113412
2951.5,0.11327
2952.46,0.113204
2953.43,0.113269
2954.39,0.11338
2955.35,0.113461
2956.32,0.113536
2957.28,0.113609
2958.25,0.113553
2959.21,0.113314
2960.17,0.113076
2961.14,0.113037
2962.1,0.113184
2963.07,0.113382
2964.03,0.113528
2965,0.113612
2965.96,0.113667
2966.92,0.113632
2967.89,0.113383
2968.85,0.112994
2969.82,0.112731
2970.78,0.112677
2971.75,0.11267
2972.71,0.112559
2973.67,0.112327
2974.64,0.112025
2975.6,0.111684
2976.57,0.111289
2977.53,0.1109
2978.5,0.110684
2979.46,0.110717
2980.42,0.110835
2981.39,0.110769
2982.35,0.110408
2983.32,0.109908
2984.28,0.109478
2985.24,0.109152
2986.21,0.108863
2987.17,0.108597
2988.14,0.108354
2989.1,0.108095
2990.07,0.107815
2991.03,0.107533
2991.99,0.107208
2992.96,0.106843
2993.92,0.106579
2994.89,0.106505
2995.85,0.10646
2996.82,0.10624
2997.78,0.105881
2998.74,0.105576
2999.71,0.105436
3000.67,0.105394
3001.64,0.105315
3002.6,0.105204
3003.57,0.105199
3004.53,0.105314
3005.49,0.105362
3006.46,0.10523
3007.42,0.105047
3008.39,0.104983
3009.35,0.105043
3010.31,0.105092
3011.28,0.105044
3012.24,0.104948
3013.21,0.104879
3014.17,0.104865
3015.14,0.104947
3016.1,0.105125
3017.06,0.105298
3018.03,0.105372
3018.99,0.105376
3019.96,0.105432
3020.92,0.105647
3021.89,0.10599
3022.85,0.106299
3023.81,0.106454
3024.78,0.106517
3025.74,0.106597
3026.71,0.106707
3027.67,0.106837
3028.64,0.106978
3029.6,0.107101
3030.56,0.107208
3031.53,0.107306
3032.49,0.107363
3033.46,0.107359
3034.42,0.107302
3035.38,0.107207
3036.35,0.107106
3037.31,0.107041
3038.28,0.106991
3039.24,0.106899
3040.21,0.106782
3041.17,0.106706
3042.13,0.106647
3043.1,0.106527
3044.06,0.106339
3045.03,0.106147
3045.99,0.105997
3046.96,0.1059
3047.92,0.105855
3048.88,0.105813
3049.85,0.105704
3050.81,0.105533
3051.78,0.105358
3052.74,0.105205
3053.7,0.105077
3054.67,0.104993
3055.63,0.104967
3056.6,0.104971
3057.56,0.104956
3058.53,0.104906
3059.49,0.104837
3060.45,0.104768
3061.42,0.10471
3062.38,0.104637
3063.35,0.104533
3064.31,0.104471
3065.28,0.104497
3066.24,0.104531
3067.2,0.104483
3068.17,0.1044
3069.13,0.104374
3070.1,0.104408
3071.06,0.104448
3072.03,0.104496
3072.99,0.1046
3073.95,0.10474
3074.92,0.104841
3075.88,0.104891
3076.85,0.104962
3077.81,0.10511
3078.77,0.10529
3079.74,0.105429
3080.7,0.105506
3081.67,0.105551
3082.63,0.105594
3083.6,0.105663
3084.56,0.105765
3085.52,0.105877
3086.49,0.106008
3087.45,0.106197
3088.42,0.106407
3089.38,0.10658
3090.35,0.106742
3091.31,0.106951
3092.27,0.107182
3093.24,0.107372
3094.2,0.107526
3095.17,0.107708
3096.13,0.107941
3097.1,0.108182
3098.06,0.108386
3099.02,0.108558
3099.99,0.108736
3100.95,0.108955
3101.92,0.109206
3102.88,0.109455
3103.84,0.109683
3104.81,0.109895
3105.77,0.110139
3106.74,0.110452
3107.7,0.110791
3108.67,0.111093
3109.63,0.111379
3110.59,0.111705
3111.56,0.112047
3112.52,0.112345
3113.49,0.112612
3114.45,0.112901
3115.42,0.113213
3116.38,0.113496
3117.34,0.113741
3118.31,0.114028
3119.27,0.114411
3120.24,0.114807
3121.2,0.115117
3122.16,0.115408
3123.13,0.115775
3124.09,0.11617
3125.06,0.116541
3126.02,0.116898
3126.99,0.117236
3127.95,0.117592
3128.91,0.118047
3129.88,0.118548
3130.84,0.118976
3131.81,0.119354
3132.77,0.119767
3133.74,0.120199
3134.7,0.120628
3135.66,0.121091
3136.63,0.121599
3137.59,0.122114
3138.56,0.122596
3139.52,0.123023
3140.49,0.123434
3141.45,0.123912
3142.41,0.124453
3143.38,0.124977
3144.34,0.125449
3145.31,0.125884
3146.27,0.126301
3147.23,0.126736
3148.2,0.127232
3149.16,0.127811
3150.13,0.128437
3151.09,0.129025
3152.06,0.129506
3153.02,0.129906
3153.98,0.130338
3154.95,0.130864
3155.91,0.131424
3156.88,0.131926
3157.84,0.132363
3158.81,0.13282
3159.77,0.133389
3160.73,0.134045
3161.7,0.134657
3162.66,0.135159
3163.63,0.135635
3164.59,0.136208
3165.56,0.136885
3166.52,0.137551
3167.48,0.138096
3168.45,0.13851
3169.41,0.138865
3170.38,0.139269
3171.34,0.139787
3172.3,0.140392
3173.27,0.141016
3174.23,0.141627
3175.2,0.142226
3176.16,0.142813
3177.13,0.143377
3178.09,0.143921
3179.05,0.144469
3180.02,0.145031
3180.98,0.145589
3181.95,0.146143
3182.91,0.1467
3183.88,0.147235
3184.84,0.14775
3185.8,0.148307
3186.77,0.148928
3187.73,0.149558
3188.7,0.150132
3189.66,0.150635
3190.63,0.151133
3191.59,0.151675
3192.55,0.152231
3193.52,0.152788
3194.48,0.153381
3195.45,0.153993
3196.41,0.154553
3197.37,0.155054
3198.34,0.155579
3199.3,0.156183
3200.27,0.156828
3201.23,0.15745
3202.2,0.158018
3203.16,0.158558
3204.12,0.159096
3205.09,0.159599
3206.05,0.160064
3207.02,0.160537
3207.98,0.161018
3208.95,0.161508
3209.91,0.162056
3210.87,0.162644
3211.84,0.163162
3212.8,0.16359
3213.77,0.164064
3214.73,0.164666
3215.69,0.165279
3216.66,0.165764
3217.62,0.16614
3218.59,0.166539
3219.55,0.167017
3220.52,0.167475
3221.48,0.167845
3222.44,0.168192
3223.41,0.168596
3224.37,0.169056
3225.34,0.169531
3226.3,0.169996
3227.27,0.170474
3228.23,0.170972
3229.19,0.171437
3230.16,0.171819
3231.12,0.172157
3232.09,0.172514
3233.05,0.172886
3234.02,0.173216
3234.98,0.173479
3235.94,0.173748
3236.91,0.174117
3237.87,0.174563
3238.84,0.17499
3239.8,0.175342
3240.76,0.175619
3241.73,0.175859
3242.69,0.176104
3243.66,0.176392
3244.62,0.176735
3245.59,0.177067
3246.55,0.177327
3247.51,0.177563
3248.48,0.17785
3249.44,0.178199
3250.41,0.178551
3251.37,0.178818
3252.34,0.178999
3253.3,0.179194
3254.26,0.179464
3255.23,0.17978
3256.19,0.180102
3257.16,0.18041
3258.12,0.180678
3259.09,0.180871
3260.05,0.181019
3261.01,0.181227
3261.98,0.181534
3262.94,0.181844
3263.91,0.182063
3264.87,0.182214
3265.83,0.182384
3266.8,0.182609
3267.76,0.182862
3268.73,0.183121
3269.69,0.183401
3270.66,0.183695
3271.62,0.183957
3272.58,0.184157
3273.55,0.184297
3274.51,0.184437
3275.48,0.184653
3276.44,0.18493
3277.41,0.18517
3278.37,0.18536
3279.33,0.185589
3280.3,0.185894
3281.26,0.186183
3282.23,0.18639
3283.19,0.186597
3284.15,0.186888
3285.12,0.187187
3286.08,0.18737
3287.05,0.187475
3288.01,0.187618
3288.98,0.187826
3289.94,0.188069
3290.9,0.188362
3291.87,0.188722
3292.83,0.189092
3293.8,0.189399
3294.76,0.189661
3295.73,0.189949
3296.69,0.190251
3297.65,0.190498
3298.62,0.190688
3299.58,0.190901
3300.55,0.191217
3301.51,0.191636
3302.48,0.192065
3303.44,0.192397
3304.4,0.19261
3305.37,0.192771
3306.33,0.19295
3307.3,0.193184
3308.26,0.193492
3309.22,0.193847
3310.19,0.19416
3311.15,0.194394
3312.12,0.194606
3313.08,0.194874
3314.05,0.195205
3315.01,0.19554
3315.97,0.195839
3316.94,0.196123
3317.9,0.196389
3318.87,0.196615
3319.83,0.19686
3320.8,0.197207
3321.76,0.1976
3322.72,0.197908
3323.69,0.198088
3324.65,0.198209
3325.62,0.198355
3326.58,0.198575
3327.55,0.198854
3328.51,0.199153
3329.47,0.199446
3330.44,0.199701
3331.4,0.199913
3332.37,0.200135
3333.33,0.200406
3334.29,0.20067
3335.26,0.200862
3336.22,0.201021
3337.19,0.201222
3338.15,0.201469
3339.12,0.2017
3340.08,0.201848
3341.04,0.201898
3342.01,0.201943
3342.97,0.202113
3343.94,0.202425
3344.9,0.202744
3345.87,0.202929
3346.83,0.202985
3347.79,0.202999
3348.76,0.203029
3349.72,0.203092
3350.69,0.203166
3351.65,0.203177
3352.62,0.203124
3353.58,0.203134
3354.54,0.20327
3355.51,0.20342
3356.47,0.203463
3357.44,0.203417
3358.4,0.203361
3359.36,0.203341
3360.33,0.203336
3361.29,0.203291
3362.26,0.203216
3363.22,0.203189
3364.19,0.203216
3365.15,0.203206
3366.11,0.203113
3367.08,0.202987
3368.04,0.202893
3369.01,0.202818
3369.97,0.20266
3370.94,0.202396
3371.9,0.202165
3372.86,0.202055
3373.83,0.201979
3374.79,0.201839
3375.76,0.201636
3376.72,0.201425
3377.68,0.201213
3378.65,0.200969
3379.61,0.200715
3380.58,0.200495
3381.54,0.200301
3382.51,0.200105
3383.47,0.199896
3384.43,0.19965
3385.4,0.199373
3386.36,0.19911
3387.33,0.198848
3388.29,0.198514
3389.26,0.198092
3390.22,0.197628
3391.18,0.197156
3392.15,0.196738
3393.11,0.196393
3394.08,0.196024
3395.04,0.195566
3396.01,0.195079
3396.97,0.194616
3397.93,0.194166
3398.9,0.193744
3399.86,0.193426
3400.83,0.193168
3401.79,0.19282
3402.75,0.19235
3403.72,0.191845
3404.68,0.191388
3405.65,0.190992
3406.61,0.190577
3407.58,0.190086
3408.54,0.189565
3409.5,0.189043
3410.47,0.188438
3411.43,0.18774
3412.4,0.187134
3413.36,0.186756
3414.33,0.186491
3415.29,0.186132
3416.25,0.185603
3417.22,0.184973
3418.18,0.184326
3419.15,0.183707
3420.11,0.183154
3421.08,0.182663
3422.04,0.182185
3423,0.181672
3423.97,0.181078
3424.93,0.18038
3425.9,0.17964
3426.86,0.178933
3427.82,0.178258
3428.79,0.177593
3429.75,0.176991
3430.72,0.176484
3431.68,0.175935
3432.65,0.175186
3433.61,0.174345
3434.57,0.173665
3435.54,0.173203
3436.5,0.172811
3437.47,0.172391
3438.43,0.171953
3439.4,0.171471
3440.36,0.170865
3441.32,0.17013
3442.29,0.169363
3443.25,0.168644
3444.22,0.167982
3445.18,0.167374
3446.15,0.166794
3447.11,0.166204
3448.07,0.165612
3449.04,0.16505
3450,0.164509
3450.97,0.163953
3451.93,0.163333
3452.89,0.162645
3453.86,0.161942
3454.82,0.161228
3455.79,0.160478
3456.75,0.159698
3457.72,0.158869
3458.68,0.158033
3459.64,0.157317
3460.61,0.156751
3461.57,0.156246
3462.54,0.155738
3463.5,0.155178
3464.47,0.154541
3465.43,0.153846
3466.39,0.153124
3467.36,0.152415
3468.32,0.151768
3469.29,0.151192
3470.25,0.150658
3471.21,0.150158
3472.18,0.149631
3473.14,0.148962
3474.11,0.14816
3475.07,0.147394
3476.04,0.14675
3477,0.146136
3477.96,0.145481
3478.93,0.144821
3479.89,0.144182
3480.86,0.14355
3481.82,0.142939
3482.79,0.142323
3483.75,0.141633
3484.71,0.140888
3485.68,0.140165
3486.64,0.139506
3487.61,0.138935
3488.57,0.13845
3489.54,0.137969
3490.5,0.137374
3491.46,0.136629
3492.43,0.13584
3493.39,0.135152
3494.36,0.134564
3495.32,0.133944
3496.28,0.133239
3497.25,0.132523
3498.21,0.131851
3499.18,0.131195
3500.14,0.130468
3501.11,0.129635
3502.07,0.128829
3503.03,0.128233
3504,0.127797
3504.96,0.127347
3505.93,0.12683
3506.89,0.126264
3507.86,0.125621
3508.82,0.12488
3509.78,0.124104
3510.75,0.123346
3511.71,0.122606
3512.68,0.12193
3513.64,0.121328
3514.61,0.120737
3515.57,0.120122
3516.53,0.119503
3517.5,0.118885
3518.46,0.118277
3519.43,0.117712
3520.39,0.117166
3521.35,0.116528
3522.32,0.115757
3523.28,0.11499
3524.25,0.114334
3525.21,0.113688
3526.18,0.112957
3527.14,0.112199
3528.1,0.111516
3529.07,0.110941
3530.03,0.110414
3531,0.109845
3531.96,0.109205
3532.93,0.108543
3533.89,0.107903
3534.85,0.107297
3535.82,0.10672
3536.78,0.10614
3537.75,0.10551
3538.71,0.104828
3539.67,0.104149
3540.64,0.103507
3541.6,0.102876
3542.57,0.10223
3543.53,0.101537
3544.5,0.100747
3545.46,0.0999028
3546.42,0.0991622
3547.39,0.0985843
3548.35,0.0980612
3549.32,0.0974811
3550.28,0.0968303
3551.25,0.0961638
3552.21,0.0955375
3553.17,0.0949427
3554.14,0.0943454
3555.1,0.0937381
3556.07,0.0931103
3557.03,0.0924769
3558,0.0918713
3558.96,0.0912773
3559.92,0.090672
3560.89,0.0900302
3561.85,0.0892812
3562.82,0.0884377
3563.78,0.0876221
3564.74,0.0868421
3565.71,0.0860189
3566.67,0.0852697
3567.64,0.0847168
3568.6,0.0842259
3569.57,0.0837408
3570.53,0.0832639
3571.49,0.0827493
3572.46,0.0821505
3573.42,0.0814711
3574.39,0.080776
3575.35,0.0801153
3576.32,0.0794598
3577.28,0.0788087
3578.24,0.0782324
3579.21,0.0777444
3580.17,0.0772618
3581.14,0.0766935
3582.1,0.0760053
3583.07,0.075233
3584.03,0.0744809
3584.99,0.0737955
3585.96,0.0730861
3586.92,0.0723032
3587.89,0.0716208
3588.85,0.071139
3589.81,0.0707122
3590.78,0.0701899
3591.74,0.0695339
3592.71,0.068822
3593.67,0.0681558
3594.64,0.0675011
3595.6,0.066781
3596.56,0.066041
3597.53,0.0653423
3598.49,0.0646865
3599.46,0.0640238
3600.42,0.0633431
3601.39,0.0627565
3602.35,0.0622803
3603.31,0.0617996
3604.28,0.0612916
3605.24,0.0607698
3606.21,0.0601519
3607.17,0.0594114
3608.14,0.0586254
3609.1,0.0577675
3610.06,0.0569172
3611.03,0.0561605
3611.99,0.0554171
3612.96,0.0547181
3613.92,0.0541707
3614.88,0.0537009
3615.85,0.0531576
3616.81,0.0524007
3617.78,0.0514743
3618.74,0.0507203
3619.71,0.0503093
3620.67,0.0500027
3621.63,0.049603
3622.6,0.0490555
3623.56,0.0483854
3624.53,0.0476787
3625.49,0.0470274
3626.46,0.0464631
3627.42,0.0458421
3628.38,0.0448539
3629.35,0.0438686
3630.31,0.0434786
3631.28,0.0432254
3632.24,0.0428202
3633.2,0.0422082
3634.17,0.0415213
3635.13,0.0409275
3636.1,0.0403827
3637.06,0.0397813
3638.03,0.0391258
3638.99,0.0385099
3639.95,0.037964
3640.92,0.0374235
3641.88,0.0368305
3642.85,0.0362192
3643.81,0.0356696
3644.78,0.0351512
3645.74,0.0344578
3646.7,0.0333215
3647.67,0.0319753
3648.63,0.0310912
3649.6,0.0307118
3650.56,0.0305758
3651.53,0.0305197
3652.49,0.0304066
3653.45,0.0301294
3654.42,0.0296521
3655.38,0.0290032
3656.35,0.0283661
3657.31,0.0279277
3658.27,0.0275612
3659.24,0.0271709
3660.2,0.0268023
3661.17,0.0264672
3662.13,0.0261203
3663.1,0.0257632
3664.06,0.0254205
3665.02,0.0250714
3665.99,0.024663
3666.95,0.0241232
3667.92,0.0233529
3668.88,0.0223574
3669.85,0.0215048
3670.81,0.0212347
3671.77,0.0212635
3672.74,0.0212149
3673.7,0.0209398
3674.67,0.0202865
3675.63,0.0195901
3676.6,0.0194356
3677.56,0.0194616
3678.52,0.0195154
3679.49,0.0195363
3680.45,0.019395
3681.42,0.0190515
3682.38,0.0186099
3683.34,0.0182145
3684.31,0.017901
3685.27,0.0175977
3686.24,0.0172438
3687.2,0.0167528
3688.17,0.0161686
3689.13,0.0158905
3690.09,0.0159045
3691.06,0.0159849
3692.02,0.016117
3692.99,0.0162387
3693.95,0.0162719
3694.92,0.0162029
3695.88,0.0160826
3696.84,0.0159568
3697.81,0.0157886
3698.77,0.0155416
3699.74,0.0152558
3700.7,0.0150208
3701.67,0.0149548
3702.63,0.0150071
3703.59,0.0150125
3704.56,0.0149506
3705.52,0.014821
3706.49,0.014634
3707.45,0.0144767
3708.41,0.0143963
3709.38,0.0143145
3710.34,0.0141218
3711.31,0.0138187
3712.27,0.0135793
3713.24,0.0135122
3714.2,0.013525
3715.16,0.0135543
3716.13,0.0135385
3717.09,0.013456
3718.06,0.0133953
3719.02,0.0134368
3719.99,0.0134798
3720.95,0.0133747
3721.91,0.0131305
3722.88,0.0129703
3723.84,0.0129801
3724.81,0.0130034
3725.77,0.0129355
3726.73,0.0128252
3727.7,0.0127547
3728.66,0.0127108
3729.63,0.0126261
3730.59,0.0124301
3731.56,0.0121555
3732.52,0.0119444
3733.48,0.0117318
3734.45,0.0114323
3735.41,0.0112974
3736.38,0.0113526
3737.34,0.0113604
3738.31,0.0113585
3739.27,0.0113402
3740.23,0.0112764
3741.2,0.0112767
3742.16,0.0113828
3743.13,0.0114129
3744.09,0.0111087
3745.06,0.0107512
3746.02,0.0106789
3746.98,0.0106464
3747.95,0.0105564
3748.91,0.010383
3749.88,0.0101872
3750.84,0.0100908
3751.8,0.0101619
3752.77,0.0103725
3753.73,0.0105845
3754.7,0.0107513
3755.66,0.0108615
3756.63,0.010902
3757.59,0.010871
3758.55,0.0107776
3759.52,0.0107166
3760.48,0.0107723
3761.45,0.010825
3762.41,0.0107919
3763.38,0.0107175
3764.34,0.0106624
3765.3,0.0106292
3766.27,0.0106172
3767.23,0.0106174
3768.2,0.0105573
3769.16,0.0103909
3770.13,0.0102931
3771.09,0.0104082
3772.05,0.0105662
3773.02,0.0106339
3773.98,0.0106098
3774.95,0.0105414
3775.91,0.0104607
3776.87,0.0103939
3777.84,0.0103469
3778.8,0.0102954
3779.77,0.0102652
3780.73,0.0103081
3781.7,0.0103787
3782.66,0.0103898
3783.62,0.0103048
3784.59,0.0102026
3785.55,0.0101769
3786.52,0.0101844
3787.48,0.010163
3788.45,0.0101327
3789.41,0.0101489
3790.37,0.0102173
3791.34,0.0102817
3792.3,0.0103082
3793.27,0.0102956
3794.23,0.0102142
3795.19,0.0100438
3796.16,0.00986908
3797.12,0.009822
3798.09,0.00984208
3799.05,0.00979145
3800.02,0.00956735
3800.98,0.00920831
3801.94,0.0092103
3802.91,0.00955479
3803.87,0.0097997
3804.84,0.00981977
3805.8,0.00963653
3806.77,0.00948555
3807.73,0.00963089
3808.69,0.00985714
3809.66,0.00999031
3810.62,0.0100305
3811.59,0.0100273
3812.55,0.0100062
3813.52,0.00993307
3814.48,0.00971552
3815.44,0.00931414
3816.41,0.00908518
3817.37,0.00914539
3818.34,0.00914054
3819.3,0.00894053
3820.26,0.00872468
3821.23,0.00897678
3822.19,0.00942695
3823.16,0.00965968
3824.12,0.00973071
3825.09,0.00969229
3826.05,0.00959093
3827.01,0.00954361
3827.98,0.00961187
3828.94,0.00970838
3829.91,0.00971143
3830.87,0.00957674
3831.84,0.00946636
3832.8,0.00949772
3833.76,0.00953995
3834.73,0.00952941
3835.69,0.00950082
3836.66,0.00938407
3837.62,0.00910448
3838.59,0.00886566
3839.55,0.00884144
3840.51,0.00896414
3841.48,0.00910656
3842.44,0.0092041
3843.41,0.0093274
3844.37,0.0095125
3845.33,0.00966555
3846.3,0.00975244
3847.26,0.00978182
3848.23,0.00972247
3849.19,0.00956053
3850.16,0.00932787
3851.12,0.00901539
3852.08,0.00855951
3853.05,0.00813451
3854.01,0.0083365
3854.98,0.00880546
3855.94,0.00913754
3856.91,0.00938819
3857.87,0.00959858
3858.83,0.00971638
3859.8,0.00970603
3860.76,0.00958438
3861.73,0.00943293
3862.69,0.00932361
3863.66,0.00923782
3864.62,0.0092511
3865.58,0.0094353
3866.55,0.00959714
3867.51,0.00962988
3868.48,0.00954729
3869.44,0.00940919
3870.4,0.00936174
3871.37,0.00937877
3872.33,0.00934732
3873.3,0.00929392
3874.26,0.00938769
3875.23,0.00960157
3876.19,0.00975247
3877.15,0.00981625
3878.12,0.00980015
3879.08,0.00967237
3880.05,0.00947644
3881.01,0.00939482
3881.98,0.00942869
3882.94,0.00948046
3883.9,0.00949822
3884.87,0.0094509
3885.83,0.00942822
3886.8,0.0095137
3887.76,0.00962621
3888.72,0.00971051
3889.69,0.00971866
3890.65,0.00958475
3891.62,0.00940345
3892.58,0.00938381
3893.55,0.00951131
3894.51,0.00967995
3895.47,0.00978967
3896.44,0.00977567
3897.4,0.00963182
3898.37,0.00947268
3899.33,0.00950265
3900.3,0.00963203
3901.26,0.00963902
3902.22,0.0095668
3903.19,0.00953807
3904.15,0.00951712
3905.12,0.00949414
3906.08,0.00955671
3907.05,0.0097025
3908.01,0.00984261
3908.97,0.00990971
3909.94,0.00991299
3910.9,0.00989713
3911.87,0.00987297
3912.83,0.00983104
3913.79,0.00977867
3914.76,0.00973151
3915.72,0.009716
3916.69,0.00976571
3917.65,0.00984459
3918.62,0.00988442
3919.58,0.00987893
3920.54,0.00985924
3921.51,0.0098531
3922.47,0.0098443
3923.44,0.00979145
3924.4,0.0097124
3925.37,0.00970075
3926.33,0.00976053
3927.29,0.0097996
3928.26,0.00978324
3929.22,0.00977741
3930.19,0.00980744
3931.15,0.00980954
3932.12,0.00979589
3933.08,0.00981801
3934.04,0.00984769
3935.01,0.00987563
3935.97,0.00991932
3936.94,0.00995942
3937.9,0.00997602
3938.86,0.00998239
3939.83,0.00997644
3940.79,0.0099219
3941.76,0.00982492
3942.72,0.00978376
3943.69,0.00984388
3944.65,0.00990561
3945.61,0.00989346
3946.58,0.00983312
3947.54,0.009782
3948.51,0.00974471
3949.47,0.00973535
3950.44,0.00978387
3951.4,0.00982797
3952.36,0.00982483
3953.33,0.00983064
3954.29,0.00985484
3955.26,0.00984965
3956.22,0.00984932
3957.19,0.00991772
3958.15,0.0100098
3959.11,0.0100278
3960.08,0.00996081
3961.04,0.00988777
3962.01,0.00986344
3962.97,0.00986351
3963.93,0.00986001
3964.9,0.00985219
3965.86,0.00984566
3966.83,0.00986452
3967.79,0.0099226
3968.76,0.00997338
3969.72,0.00995057
3970.68,0.00985859
3971.65,0.00977929
3972.61,0.00978582
3973.58,0.00984814
3974.54,0.00986182
3975.51,0.00980095
3976.47,0.00976699
3977.43,0.00982196
3978.4,0.00990711
3979.36,0.00997342
3980.33,0.0100199
3981.29,0.0100219
3982.25,0.0099712
3983.22,0.00992918
3984.18,0.00994553
3985.15,0.009989
3986.11,0.0100103
3987.08,0.0100191
3988.04,0.0100319
3989,0.0100161
3989.97,0.00997405
3990.93,0.00997392
3991.9,0.0100146
3992.86,0.0100178
3993.83,0.00998386
3994.79,0.00999686
3995.75,0.0100762
3996.72,0.0101407
3997.68,0.0101166
3998.65,0.0100251
3999.61,0.00995663
4000.58,0.00995115
